{
  "surahs": [
    {
      "id": 1,
      "name": "Al-Fatiha",
      "nameArabic": "الفاتحة",
      "nameTranslation": "The Opening",
      "totalAyahs": 7,
      "revelation": "Meccan"
    },
    {
      "id": 2,
      "name": "Al-Baqarah",
      "nameArabic": "البقرة",
      "nameTranslation": "The Cow",
      "totalAyahs": 286,
      "revelation": "Medinan"
    },
    {
      "id": 3,
      "name": "Ali 'Imran",
      "nameArabic": "آل عمران",
      "nameTranslation": "Family of Imran",
      "totalAyahs": 200,
      "revelation": "Medinan"
    },
    {
      "id": 4,
      "name": "An-Nisa",
      "nameArabic": "النساء",
      "nameTranslation": "The Women",
      "totalAyahs": 176,
      "revelation": "Medinan"
    },
    {
      "id": 5,
      "name": "Al-Ma'idah",
      "nameArabic": "المائدة",
      "nameTranslation": "The Table Spread",
      "totalAyahs": 120,
      "revelation": "Medinan"
    },
    {
      "id": 6,
      "name": "Al-An'am",
      "nameArabic": "الأنعام",
      "nameTranslation": "The Cattle",
      "totalAyahs": 165,
      "revelation": "Meccan"
    },
    {
      "id": 7,
      "name": "Al-A'raf",
      "nameArabic": "الأعراف",
      "nameTranslation": "The Heights",
      "totalAyahs": 206,
      "revelation": "Meccan"
    },
    {
      "id": 8,
      "name": "Al-Anfal",
      "nameArabic": "الأنفال",
      "nameTranslation": "The Spoils of War",
      "totalAyahs": 75,
      "revelation": "Medinan"
    },
    {
      "id": 9,
      "name": "At-Tawbah",
      "nameArabic": "التوبة",
      "nameTranslation": "The Repentance",
      "totalAyahs": 129,
      "revelation": "Medinan"
    },
    {
      "id": 10,
      "name": "Yunus",
      "nameArabic": "يونس",
      "nameTranslation": "Jonah",
      "totalAyahs": 109,
      "revelation": "Meccan"
    },
    {
      "id": 11,
      "name": "Hud",
      "nameArabic": "هود",
      "nameTranslation": "Hud",
      "totalAyahs": 123,
      "revelation": "Meccan"
    },
    {
      "id": 12,
      "name": "Yusuf",
      "nameArabic": "يوسف",
      "nameTranslation": "Joseph",
      "totalAyahs": 111,
      "revelation": "Meccan"
    },
    {
      "id": 13,
      "name": "Ar-Ra'd",
      "nameArabic": "الرعد",
      "nameTranslation": "The Thunder",
      "totalAyahs": 43,
      "revelation": "Medinan"
    },
    {
      "id": 14,
      "name": "Ibrahim",
      "nameArabic": "إبراهيم",
      "nameTranslation": "Abraham",
      "totalAyahs": 52,
      "revelation": "Meccan"
    },
    {
      "id": 15,
      "name": "Al-Hijr",
      "nameArabic": "الحجر",
      "nameTranslation": "The Rocky Tract",
      "totalAyahs": 99,
      "revelation": "Meccan"
    },
    {
      "id": 16,
      "name": "An-Nahl",
      "nameArabic": "النحل",
      "nameTranslation": "The Bee",
      "totalAyahs": 128,
      "revelation": "Meccan"
    },
    {
      "id": 17,
      "name": "Al-Isra",
      "nameArabic": "الإسراء",
      "nameTranslation": "The Night Journey",
      "totalAyahs": 111,
      "revelation": "Meccan"
    },
    {
      "id": 18,
      "name": "Al-Kahf",
      "nameArabic": "الكهف",
      "nameTranslation": "The Cave",
      "totalAyahs": 110,
      "revelation": "Meccan"
    },
    {
      "id": 19,
      "name": "Maryam",
      "nameArabic": "مريم",
      "nameTranslation": "Mary",
      "totalAyahs": 98,
      "revelation": "Meccan"
    },
    {
      "id": 20,
      "name": "Ta-Ha",
      "nameArabic": "طه",
      "nameTranslation": "Ta-Ha",
      "totalAyahs": 135,
      "revelation": "Meccan"
    },
    {
      "id": 21,
      "name": "Al-Anbiya",
      "nameArabic": "الأنبياء",
      "nameTranslation": "The Prophets",
      "totalAyahs": 112,
      "revelation": "Meccan"
    },
    {
      "id": 22,
      "name": "Al-Hajj",
      "nameArabic": "الحج",
      "nameTranslation": "The Pilgrimage",
      "totalAyahs": 78,
      "revelation": "Medinan"
    },
    {
      "id": 23,
      "name": "Al-Mu'minun",
      "nameArabic": "المؤمنون",
      "nameTranslation": "The Believers",
      "totalAyahs": 118,
      "revelation": "Meccan"
    },
    {
      "id": 24,
      "name": "An-Nur",
      "nameArabic": "النور",
      "nameTranslation": "The Light",
      "totalAyahs": 64,
      "revelation": "Medinan"
    },
    {
      "id": 25,
      "name": "Al-Furqan",
      "nameArabic": "الفرقان",
      "nameTranslation": "The Criterion",
      "totalAyahs": 77,
      "revelation": "Meccan"
    },
    {
      "id": 26,
      "name": "Ash-Shu'ara",
      "nameArabic": "الشعراء",
      "nameTranslation": "The Poets",
      "totalAyahs": 227,
      "revelation": "Meccan"
    },
    {
      "id": 27,
      "name": "An-Naml",
      "nameArabic": "النمل",
      "nameTranslation": "The Ant",
      "totalAyahs": 93,
      "revelation": "Meccan"
    },
    {
      "id": 28,
      "name": "Al-Qasas",
      "nameArabic": "القصص",
      "nameTranslation": "The Stories",
      "totalAyahs": 88,
      "revelation": "Meccan"
    },
    {
      "id": 29,
      "name": "Al-'Ankabut",
      "nameArabic": "العنكبوت",
      "nameTranslation": "The Spider",
      "totalAyahs": 69,
      "revelation": "Meccan"
    },
    {
      "id": 30,
      "name": "Ar-Rum",
      "nameArabic": "الروم",
      "nameTranslation": "The Romans",
      "totalAyahs": 60,
      "revelation": "Meccan"
    },
    {
      "id": 31,
      "name": "Luqman",
      "nameArabic": "لقمان",
      "nameTranslation": "Luqman",
      "totalAyahs": 34,
      "revelation": "Meccan"
    },
    {
      "id": 32,
      "name": "As-Sajdah",
      "nameArabic": "السجدة",
      "nameTranslation": "The Prostration",
      "totalAyahs": 30,
      "revelation": "Meccan"
    },
    {
      "id": 33,
      "name": "Al-Ahzab",
      "nameArabic": "الأحزاب",
      "nameTranslation": "The Clans",
      "totalAyahs": 73,
      "revelation": "Medinan"
    },
    {
      "id": 34,
      "name": "Saba",
      "nameArabic": "سبأ",
      "nameTranslation": "Sheba",
      "totalAyahs": 54,
      "revelation": "Meccan"
    },
    {
      "id": 35,
      "name": "Fatir",
      "nameArabic": "فاطر",
      "nameTranslation": "Originator",
      "totalAyahs": 45,
      "revelation": "Meccan"
    },
    {
      "id": 36,
      "name": "Ya-Sin",
      "nameArabic": "يس",
      "nameTranslation": "Ya-Sin",
      "totalAyahs": 83,
      "revelation": "Meccan"
    },
    {
      "id": 37,
      "name": "As-Saffat",
      "nameArabic": "الصافات",
      "nameTranslation": "Those who set the Ranks",
      "totalAyahs": 182,
      "revelation": "Meccan"
    },
    {
      "id": 38,
      "name": "Sad",
      "nameArabic": "ص",
      "nameTranslation": "The Letter Sad",
      "totalAyahs": 88,
      "revelation": "Meccan"
    },
    {
      "id": 39,
      "name": "Az-Zumar",
      "nameArabic": "الزمر",
      "nameTranslation": "The Troops",
      "totalAyahs": 75,
      "revelation": "Meccan"
    },
    {
      "id": 40,
      "name": "Ghafir",
      "nameArabic": "غافر",
      "nameTranslation": "The Forgiver",
      "totalAyahs": 85,
      "revelation": "Meccan"
    },
    {
      "id": 55,
      "name": "Ar-Rahman",
      "nameArabic": "الرحمن",
      "nameTranslation": "The Beneficent",
      "totalAyahs": 78,
      "revelation": "Medinan"
    },
    {
      "id": 67,
      "name": "Al-Mulk",
      "nameArabic": "الملك",
      "nameTranslation": "The Sovereignty",
      "totalAyahs": 30,
      "revelation": "Meccan"
    },
    {
      "id": 78,
      "name": "An-Naba",
      "nameArabic": "النبأ",
      "nameTranslation": "The Tidings",
      "totalAyahs": 40,
      "revelation": "Meccan"
    },
    {
      "id": 79,
      "name": "An-Nazi'at",
      "nameArabic": "النازعات",
      "nameTranslation": "Those who drag forth",
      "totalAyahs": 46,
      "revelation": "Meccan"
    },
    {
      "id": 80,
      "name": "Abasa",
      "nameArabic": "عبس",
      "nameTranslation": "He frowned",
      "totalAyahs": 42,
      "revelation": "Meccan"
    },
    {
      "id": 81,
      "name": "At-Takwir",
      "nameArabic": "التكوير",
      "nameTranslation": "The Overthrowing",
      "totalAyahs": 29,
      "revelation": "Meccan"
    },
    {
      "id": 82,
      "name": "Al-Infitar",
      "nameArabic": "الإنفطار",
      "nameTranslation": "The Cleaving",
      "totalAyahs": 19,
      "revelation": "Meccan"
    },
    {
      "id": 83,
      "name": "Al-Mutaffifin",
      "nameArabic": "المطففين",
      "nameTranslation": "Defrauding",
      "totalAyahs": 36,
      "revelation": "Meccan"
    },
    {
      "id": 84,
      "name": "Al-Inshiqaq",
      "nameArabic": "الإنشقاق",
      "nameTranslation": "The Splitting Open",
      "totalAyahs": 25,
      "revelation": "Meccan"
    },
    {
      "id": 85,
      "name": "Al-Buruj",
      "nameArabic": "البروج",
      "nameTranslation": "The Constellations",
      "totalAyahs": 22,
      "revelation": "Meccan"
    },
    {
      "id": 86,
      "name": "At-Tariq",
      "nameArabic": "الطارق",
      "nameTranslation": "The Morning Star",
      "totalAyahs": 17,
      "revelation": "Meccan"
    },
    {
      "id": 87,
      "name": "Al-A'la",
      "nameArabic": "الأعلى",
      "nameTranslation": "The Most High",
      "totalAyahs": 19,
      "revelation": "Meccan"
    },
    {
      "id": 88,
      "name": "Al-Ghashiyah",
      "nameArabic": "الغاشية",
      "nameTranslation": "The Overwhelming",
      "totalAyahs": 26,
      "revelation": "Meccan"
    },
    {
      "id": 89,
      "name": "Al-Fajr",
      "nameArabic": "الفجر",
      "nameTranslation": "The Dawn",
      "totalAyahs": 30,
      "revelation": "Meccan"
    },
    {
      "id": 90,
      "name": "Al-Balad",
      "nameArabic": "البلد",
      "nameTranslation": "The City",
      "totalAyahs": 20,
      "revelation": "Meccan"
    },
    {
      "id": 91,
      "name": "Ash-Shams",
      "nameArabic": "الشمس",
      "nameTranslation": "The Sun",
      "totalAyahs": 15,
      "revelation": "Meccan"
    },
    {
      "id": 92,
      "name": "Al-Layl",
      "nameArabic": "الليل",
      "nameTranslation": "The Night",
      "totalAyahs": 21,
      "revelation": "Meccan"
    },
    {
      "id": 93,
      "name": "Ad-Dhuha",
      "nameArabic": "الضحى",
      "nameTranslation": "The Morning Hours",
      "totalAyahs": 11,
      "revelation": "Meccan"
    },
    {
      "id": 94,
      "name": "Ash-Sharh",
      "nameArabic": "الشرح",
      "nameTranslation": "The Relief",
      "totalAyahs": 8,
      "revelation": "Meccan"
    },
    {
      "id": 95,
      "name": "At-Tin",
      "nameArabic": "التين",
      "nameTranslation": "The Fig",
      "totalAyahs": 8,
      "revelation": "Meccan"
    },
    {
      "id": 96,
      "name": "Al-'Alaq",
      "nameArabic": "العلق",
      "nameTranslation": "The Clot",
      "totalAyahs": 19,
      "revelation": "Meccan"
    },
    {
      "id": 97,
      "name": "Al-Qadr",
      "nameArabic": "القدر",
      "nameTranslation": "The Power",
      "totalAyahs": 5,
      "revelation": "Meccan"
    },
    {
      "id": 98,
      "name": "Al-Bayyinah",
      "nameArabic": "البينة",
      "nameTranslation": "The Evidence",
      "totalAyahs": 8,
      "revelation": "Medinan"
    },
    {
      "id": 99,
      "name": "Az-Zalzalah",
      "nameArabic": "الزلزلة",
      "nameTranslation": "The Earthquake",
      "totalAyahs": 8,
      "revelation": "Medinan"
    },
    {
      "id": 100,
      "name": "Al-'Adiyat",
      "nameArabic": "العاديات",
      "nameTranslation": "The Courser",
      "totalAyahs": 11,
      "revelation": "Meccan"
    },
    {
      "id": 101,
      "name": "Al-Qari'ah",
      "nameArabic": "القارعة",
      "nameTranslation": "The Calamity",
      "totalAyahs": 11,
      "revelation": "Meccan"
    },
    {
      "id": 102,
      "name": "At-Takathur",
      "nameArabic": "التكاثر",
      "nameTranslation": "The Rivalry in world increase",
      "totalAyahs": 8,
      "revelation": "Meccan"
    },
    {
      "id": 103,
      "name": "Al-'Asr",
      "nameArabic": "العصر",
      "nameTranslation": "The Declining Day",
      "totalAyahs": 3,
      "revelation": "Meccan"
    },
    {
      "id": 104,
      "name": "Al-Humazah",
      "nameArabic": "الهمزة",
      "nameTranslation": "The Traducer",
      "totalAyahs": 9,
      "revelation": "Meccan"
    },
    {
      "id": 105,
      "name": "Al-Fil",
      "nameArabic": "الفيل",
      "nameTranslation": "The Elephant",
      "totalAyahs": 5,
      "revelation": "Meccan"
    },
    {
      "id": 106,
      "name": "Quraysh",
      "nameArabic": "قريش",
      "nameTranslation": "Quraysh",
      "totalAyahs": 4,
      "revelation": "Meccan"
    },
    {
      "id": 107,
      "name": "Al-Ma'un",
      "nameArabic": "الماعون",
      "nameTranslation": "The Small kindnesses",
      "totalAyahs": 7,
      "revelation": "Meccan"
    },
    {
      "id": 108,
      "name": "Al-Kawthar",
      "nameArabic": "الكوثر",
      "nameTranslation": "The Abundance",
      "totalAyahs": 3,
      "revelation": "Meccan"
    },
    {
      "id": 109,
      "name": "Al-Kafirun",
      "nameArabic": "الكافرون",
      "nameTranslation": "The Disbelievers",
      "totalAyahs": 6,
      "revelation": "Meccan"
    },
    {
      "id": 110,
      "name": "An-Nasr",
      "nameArabic": "النصر",
      "nameTranslation": "The Divine Support",
      "totalAyahs": 3,
      "revelation": "Medinan"
    },
    {
      "id": 111,
      "name": "Al-Masad",
      "nameArabic": "المسد",
      "nameTranslation": "The Palm Fibre",
      "totalAyahs": 5,
      "revelation": "Meccan"
    },
    {
      "id": 112,
      "name": "Al-Ikhlas",
      "nameArabic": "الإخلاص",
      "nameTranslation": "The Sincerity",
      "totalAyahs": 4,
      "revelation": "Meccan"
    },
    {
      "id": 113,
      "name": "Al-Falaq",
      "nameArabic": "الفلق",
      "nameTranslation": "The Dawn",
      "totalAyahs": 5,
      "revelation": "Meccan"
    },
    {
      "id": 114,
      "name": "An-Nas",
      "nameArabic": "الناس",
      "nameTranslation": "Mankind",
      "totalAyahs": 6,
      "revelation": "Meccan"
    }
  ],
  "ayahs": {
    "1": [
      {
        "number": 1,
        "text": "بِسْمِ اللَّهِ الرَّحْمَٰنِ الرَّحِيمِ",
        "translation": "In the name of Allah, the Entirely Merciful, the Especially Merciful.",
        "surahId": 1
      },
      {
        "number": 2,
        "text": "الْحَمْدُ لِلَّهِ رَبِّ الْعَالَمِينَ",
        "translation": "All praise is due to Allah, Lord of the worlds.",
        "surahId": 1
      },
      {
        "number": 3,
        "text": "الرَّحْمَٰنِ الرَّحِيمِ",
        "translation": "The Entirely Merciful, the Especially Merciful,",
        "surahId": 1
      },
      {
        "number": 4,
        "text": "مَالِكِ يَوْمِ الدِّينِ",
        "translation": "Sovereign of the Day of Recompense.",
        "surahId": 1
      },
      {
        "number": 5,
        "text": "إِيَّاكَ نَعْبُدُ وَإِيَّاكَ نَسْتَعِينُ",
        "translation": "It is You we worship and You we ask for help.",
        "surahId": 1
      },
      {
        "number": 6,
        "text": "اهْدِنَا الصِّرَاطَ الْمُسْتَقِيمَ",
        "translation": "Guide us to the straight path -",
        "surahId": 1
      },
      {
        "number": 7,
        "text": "صِرَاطَ الَّذِينَ أَنْعَمْتَ عَلَيْهِمْ غَيْرِ الْمَغْضُوبِ عَلَيْهِمْ وَلَا الضَّالِّينَ",
        "translation": "The path of those upon whom You have bestowed favor, not of those who have evoked [Your] anger or of those who are astray.",
        "surahId": 1
      }
    ],
    "112": [
      {
        "number": 1,
        "text": "قُلْ هُوَ اللَّهُ أَحَدٌ",
        "translation": "Say, \"He is Allah, [who is] One,",
        "surahId": 112
      },
      {
        "number": 2,
        "text": "اللَّهُ الصَّمَدُ",
        "translation": "Allah, the Eternal Refuge.",
        "surahId": 112
      },
      {
        "number": 3,
        "text": "لَمْ يَلِدْ وَلَمْ يُولَدْ",
        "translation": "He neither begets nor is born,",
        "surahId": 112
      },
      {
        "number": 4,
        "text": "وَلَمْ يَكُن لَّهُ كُفُوًا أَحَدٌ",
        "translation": "Nor is there to Him any equivalent.\"",
        "surahId": 112
      }
    ],
    "113": [
      {
        "number": 1,
        "text": "قُلْ أَعُوذُ بِرَبِّ الْفَلَقِ",
        "translation": "Say, \"I seek refuge in the Lord of daybreak",
        "surahId": 113
      },
      {
        "number": 2,
        "text": "مِن شَرِّ مَا خَلَقَ",
        "translation": "From the evil of that which He created",
        "surahId": 113
      },
      {
        "number": 3,
        "text": "وَمِن شَرِّ غَاسِقٍ إِذَا وَقَبَ",
        "translation": "And from the evil of darkness when it settles",
        "surahId": 113
      },
      {
        "number": 4,
        "text": "وَمِن شَرِّ النَّفَّاثَاتِ فِي الْعُقَدِ",
        "translation": "And from the evil of the blowers in knots",
        "surahId": 113
      },
      {
        "number": 5,
        "text": "وَمِن شَرِّ حَاسِدٍ إِذَا حَسَدَ",
        "translation": "And from the evil of an envier when he envies.\"",
        "surahId": 113
      }
    ],
    "114": [
      {
        "number": 1,
        "text": "قُلْ أَعُوذُ بِرَبِّ النَّاسِ",
        "translation": "Say, \"I seek refuge in the Lord of mankind,",
        "surahId": 114
      },
      {
        "number": 2,
        "text": "مَلِكِ النَّاسِ",
        "translation": "The Sovereign of mankind,",
        "surahId": 114
      },
      {
        "number": 3,
        "text": "إِلَٰهِ النَّاسِ",
        "translation": "The God of mankind,",
        "surahId": 114
      },
      {
        "number": 4,
        "text": "مِن شَرِّ الْوَسْوَاسِ الْخَنَّاسِ",
        "translation": "From the evil of the retreating whisperer -",
        "surahId": 114
      },
      {
        "number": 5,
        "text": "الَّذِي يُوَسْوِسُ فِي صُدُورِ النَّاسِ",
        "translation": "Who whispers [evil] into the breasts of mankind -",
        "surahId": 114
      },
      {
        "number": 6,
        "text": "مِنَ الْجِنَّةِ وَالنَّاسِ",
        "translation": "From among the jinn and mankind.\"",
        "surahId": 114
      }
    ],
    "103": [
      {
        "number": 1,
        "text": "وَالْعَصْرِ",
        "translation": "By time,",
        "surahId": 103
      },
      {
        "number": 2,
        "text": "إِنَّ الْإِنسَانَ لَفِي خُسْرٍ",
        "translation": "Indeed, mankind is in loss,",
        "surahId": 103
      },
      {
        "number": 3,
        "text": "إِلَّا الَّذِينَ آمَنُوا وَعَمِلُوا الصَّالِحَاتِ وَتَوَاصَوْا بِالْحَقِّ وَتَوَاصَوْا بِالصَّبْرِ",
        "translation": "Except for those who have believed and done righteous deeds and advised each other to truth and advised each other to patience.",
        "surahId": 103
      }
    ],
    "108": [
      {
        "number": 1,
        "text": "إِنَّا أَعْطَيْنَاكَ الْكَوْثَرَ",
        "translation": "Indeed, We have granted you, [O Muhammad], al-Kawthar.",
        "surahId": 108
      },
      {
        "number": 2,
        "text": "فَصَلِّ لِرَبِّكَ وَانْحَرْ",
        "translation": "So pray to your Lord and sacrifice [to Him alone].",
        "surahId": 108
      },
      {
        "number": 3,
        "text": "إِنَّ شَانِئَكَ هُوَ الْأَبْتَرُ",
        "translation": "Indeed, your enemy is the one cut off.",
        "surahId": 108
      }
    ],
    "109": [
      {
        "number": 1,
        "text": "قُلْ يَا أَيُّهَا الْكَافِرُونَ",
        "translation": "Say, \"O disbelievers,",
        "surahId": 109
      },
      {
        "number": 2,
        "text": "لَا أَعْبُدُ مَا تَعْبُدُونَ",
        "translation": "I do not worship what you worship.",
        "surahId": 109
      },
      {
        "number": 3,
        "text": "وَلَا أَنتُمْ عَابِدُونَ مَا أَعْبُدُ",
        "translation": "Nor are you worshippers of what I worship.",
        "surahId": 109
      },
      {
        "number": 4,
        "text": "وَلَا أَنَا عَابِدٌ مَّا عَبَدتُّمْ",
        "translation": "Nor will I be a worshipper of what you worship.",
        "surahId": 109
      },
      {
        "number": 5,
        "text": "وَلَا أَنتُمْ عَابِدُونَ مَا أَعْبُدُ",
        "translation": "Nor will you be worshippers of what I worship.",
        "surahId": 109
      },
      {
        "number": 6,
        "text": "لَكُمْ دِينُكُمْ وَلِيَ دِينِ",
        "translation": "For you is your religion, and for me is my religion.\"",
        "surahId": 109
      }
    ],
    "110": [
      {
        "number": 1,
        "text": "إِذَا جَاءَ نَصْرُ اللَّهِ وَالْفَتْحُ",
        "translation": "When the victory of Allah has come and the conquest,",
        "surahId": 110
      },
      {
        "number": 2,
        "text": "وَرَأَيْتَ النَّاسَ يَدْخُلُونَ فِي دِينِ اللَّهِ أَفْوَاجًا",
        "translation": "And you see the people entering into the religion of Allah in multitudes,",
        "surahId": 110
      },
      {
        "number": 3,
        "text": "فَسَبِّحْ بِحَمْدِ رَبِّكَ وَاسْتَغْفِرْهُ ۚ إِنَّهُ كَانَ تَوَّابًا",
        "translation": "Then exalt [Him] with praise of your Lord and ask forgiveness of Him. Indeed, He is ever Accepting of repentance.",
        "surahId": 110
      }
    ]
  }
}
